{
    "svm": {
        "tfidf": {
            "original": [
                {
                    "file_name": "svm_tfidf_X",
                    "training_data_size": " 19351",
                    "testing_data_size": " 4838",
                    "accuracy_avg": " 0.92",
                    "recall_avg": " 0.92",
                    "precision_avg": "  0.92",
                    "best_params": "Grid SVM Best Parameters: {'C': 10, 'gamma': 1, 'kernel': 'rbf'}"
                },
                {
                    "file_name": "svm_tfidf_X_500",
                    "training_data_size": " 1000",
                    "testing_data_size": " 250",
                    "accuracy_avg": " 0.79",
                    "recall_avg": " 0.79",
                    "precision_avg": "  0.79",
                    "best_params": "Grid SVM Best Parameters: {'C': 10, 'gamma': 1, 'kernel': 'rbf'}"
                },
                {
                    "file_name": "svm_tfidf_X_100",
                    "training_data_size": " 200",
                    "testing_data_size": " 50",
                    "accuracy_avg": " 0.88",
                    "recall_avg": " 0.88",
                    "precision_avg": "  0.88",
                    "best_params": "Grid SVM Best Parameters: {'C': 1, 'gamma': 1, 'kernel': 'rbf'}"
                },
                {
                    "file_name": "svm_tfidf_X_1000",
                    "training_data_size": " 2000",
                    "testing_data_size": " 500",
                    "accuracy_avg": " 0.85",
                    "recall_avg": " 0.85",
                    "precision_avg": "  0.85",
                    "best_params": "Grid SVM Best Parameters: {'C': 100, 'gamma': 1, 'kernel': 'rbf'}"
                },
                {
                    "file_name": "svm_tfidf_X_5000",
                    "training_data_size": " 10000",
                    "testing_data_size": " 2500",
                    "accuracy_avg": " 0.91",
                    "recall_avg": " 0.91",
                    "precision_avg": "  0.91",
                    "best_params": "Grid SVM Best Parameters: {'C': 10, 'gamma': 1, 'kernel': 'rbf'}"
                }
            ],
            "dedup": [
                {
                    "file_name": "svm_tfidf_X_dedup",
                    "training_data_size": " 19351",
                    "testing_data_size": " 4838",
                    "accuracy_avg": " 0.89",
                    "recall_avg": " 0.89",
                    "precision_avg": "  0.89",
                    "best_params": "Grid SVM Best Parameters: {'C': 1, 'gamma': 10, 'kernel': 'linear'}"
                }
            ]
        },
        "ngrams1": {
            "original": [
                {
                    "file_name": "svm_ngrams_1_X_1000",
                    "training_data_size": " 2000",
                    "testing_data_size": " 500",
                    "accuracy_avg": " 0.82",
                    "recall_avg": " 0.82",
                    "precision_avg": "  0.83",
                    "best_params": "Grid SVM Best Parameters: {'C': 0.01, 'gamma': 10, 'kernel': 'linear'}"
                },
                {
                    "file_name": "svm_ngrams_1_X_5000",
                    "training_data_size": " 10000",
                    "testing_data_size": " 2500",
                    "accuracy_avg": " 0.88",
                    "recall_avg": " 0.88",
                    "precision_avg": "  0.88",
                    "best_params": "Grid SVM Best Parameters: {'C': 0.1, 'gamma': 10, 'kernel': 'linear'}"
                },
                {
                    "file_name": "svm_ngrams_1_X_500",
                    "training_data_size": " 1000",
                    "testing_data_size": " 250",
                    "accuracy_avg": " 0.77",
                    "recall_avg": " 0.77",
                    "precision_avg": "  0.78",
                    "best_params": "Grid SVM Best Parameters: {'C': 0.1, 'gamma': 10, 'kernel': 'linear'}"
                },
                {
                    "file_name": "svm_ngrams_1_X",
                    "training_data_size": " 19351",
                    "testing_data_size": " 4838",
                    "accuracy_avg": " 0.89",
                    "recall_avg": " 0.89",
                    "precision_avg": "  0.89",
                    "best_params": "Grid SVM Best Parameters: {'C': 0.1, 'gamma': 10, 'kernel': 'linear'}"
                },
                {
                    "file_name": "svm_ngrams_1_X_100",
                    "training_data_size": " 200",
                    "testing_data_size": " 50",
                    "accuracy_avg": " 0.78",
                    "recall_avg": " 0.78",
                    "precision_avg": "  0.79",
                    "best_params": "Grid SVM Best Parameters: {'C': 0.01, 'gamma': 10, 'kernel': 'linear'}"
                }
            ]
        },
        "ngrams2": {
            "original": [
                {
                    "file_name": "svm_ngrams_2_X",
                    "training_data_size": " 19351",
                    "testing_data_size": " 4838",
                    "accuracy_avg": " 0.90",
                    "recall_avg": " 0.90",
                    "precision_avg": "  0.90",
                    "best_params": "Grid SVM Best Parameters: {'C': 0.01, 'gamma': 10, 'kernel': 'linear'}"
                },
                {
                    "file_name": "svm_ngrams_2_X_5000",
                    "training_data_size": " 10000",
                    "testing_data_size": " 2500",
                    "accuracy_avg": " 0.89",
                    "recall_avg": " 0.89",
                    "precision_avg": "  0.90",
                    "best_params": "Grid SVM Best Parameters: {'C': 0.01, 'gamma': 10, 'kernel': 'linear'}"
                },
                {
                    "file_name": "svm_ngrams_2_X_100",
                    "training_data_size": " 200",
                    "testing_data_size": " 50",
                    "accuracy_avg": " 0.80",
                    "recall_avg": " 0.80",
                    "precision_avg": "  0.81",
                    "best_params": "Grid SVM Best Parameters: {'C': 0.1, 'gamma': 10, 'kernel': 'linear'}"
                },
                {
                    "file_name": "svm_ngrams_2_X_1000",
                    "training_data_size": " 2000",
                    "testing_data_size": " 500",
                    "accuracy_avg": " 0.83",
                    "recall_avg": " 0.83",
                    "precision_avg": "  0.84",
                    "best_params": "Grid SVM Best Parameters: {'C': 0.01, 'gamma': 10, 'kernel': 'linear'}"
                },
                {
                    "file_name": "svm_ngrams_2_X_500",
                    "training_data_size": " 1000",
                    "testing_data_size": " 250",
                    "accuracy_avg": " 0.81",
                    "recall_avg": " 0.81",
                    "precision_avg": "  0.83",
                    "best_params": "Grid SVM Best Parameters: {'C': 0.1, 'gamma': 10, 'kernel': 'linear'}"
                }
            ]
        },
        "ngrams2-3": {
            "original": [
                {
                    "file_name": "svm_ngrams_2-3_X_1000",
                    "training_data_size": " 2000",
                    "testing_data_size": " 500",
                    "accuracy_avg": " 0.84",
                    "recall_avg": " 0.84",
                    "precision_avg": "  0.85",
                    "best_params": "Grid SVM Best Parameters: {'C': 0.01, 'gamma': 10, 'kernel': 'linear'}"
                },
                {
                    "file_name": "svm_ngrams_2-3_X_100",
                    "training_data_size": " 200",
                    "testing_data_size": " 50",
                    "accuracy_avg": " 0.76",
                    "recall_avg": " 0.76",
                    "precision_avg": "  0.76",
                    "best_params": "Grid SVM Best Parameters: {'C': 0.1, 'gamma': 10, 'kernel': 'linear'}"
                },
                {
                    "file_name": "svm_ngrams_2-3_X_5000",
                    "training_data_size": " 10000",
                    "testing_data_size": " 2500",
                    "accuracy_avg": " 0.89",
                    "recall_avg": " 0.89",
                    "precision_avg": "  0.89",
                    "best_params": "Grid SVM Best Parameters: {'C': 0.01, 'gamma': 10, 'kernel': 'linear'}"
                },
                {
                    "file_name": "svm_ngrams_2-3_X",
                    "training_data_size": " 19351",
                    "testing_data_size": " 4838",
                    "accuracy_avg": " 0.90",
                    "recall_avg": " 0.90",
                    "precision_avg": "  0.90",
                    "best_params": "Grid SVM Best Parameters: {'C': 0.01, 'gamma': 10, 'kernel': 'linear'}"
                },
                {
                    "file_name": "svm_ngrams_2-3_X_500",
                    "training_data_size": " 1000",
                    "testing_data_size": " 250",
                    "accuracy_avg": " 0.82",
                    "recall_avg": " 0.82",
                    "precision_avg": "  0.84",
                    "best_params": "Grid SVM Best Parameters: {'C': 0.01, 'gamma': 10, 'kernel': 'linear'}"
                }
            ],
            "dedup": [
                {
                    "file_name": "svm_ngrams_2-3_X_dedup",
                    "training_data_size": " 19351",
                    "testing_data_size": " 4838",
                    "accuracy_avg": " 0.87",
                    "recall_avg": " 0.87",
                    "precision_avg": "  0.87",
                    "best_params": "Grid SVM Best Parameters: {'C': 0.01, 'gamma': 10, 'kernel': 'linear'}"
                }
            ]
        }
    }
}